recipeID,name,description,cookingtime,userID
1,Soup,Quick and easy,10,187
2,Grilled Chicken,Classic dish,58,299
3,Burger,Spicy and flavorful,55,405
4,Pancakes,Classic dish,45,471
5,Burger,Comfort food,66,315
6,Spaghetti,Comfort food,27,142
7,Sushi,Quick and easy,12,207
8,Burger,Classic dish,38,267
9,Grilled Chicken,Healthy choice,49,253
10,Burger,Spicy and flavorful,71,467
11,Pancakes,Quick and easy,43,365
12,Grilled Chicken,Quick and easy,72,422
13,Soup,Comfort food,15,494
14,Sushi,Healthy choice,89,308
15,Salad,Comfort food,45,105
16,Sushi,Comfort food,54,127
17,Pancakes,Healthy choice,79,475
18,Vegetable Stir Fry,Healthy choice,66,339
19,Spaghetti,Spicy and flavorful,74,280
20,Grilled Chicken,Healthy choice,80,157
21,Spaghetti,Quick and easy,40,432
22,Salad,Comfort food,86,104
23,Soup,Comfort food,68,425
24,Pancakes,Healthy choice,55,331
25,Grilled Chicken,Classic dish,71,191
26,Pizza,Classic dish,38,122
27,Pizza,Classic dish,38,401
28,Pancakes,Comfort food,81,455
29,Pizza,Healthy choice,79,101
30,Pancakes,Classic dish,26,305
31,Soup,Healthy choice,56,461
32,Soup,Spicy and flavorful,67,269
33,Tacos,Classic dish,62,113
34,Pancakes,Comfort food,72,185
35,Soup,Quick and easy,33,163
36,Grilled Chicken,Comfort food,19,480
37,Spaghetti,Spicy and flavorful,82,107
38,Soup,Quick and easy,55,339
39,Salad,Quick and easy,30,215
40,Burger,Quick and easy,53,173
41,Salad,Classic dish,20,432
42,Pancakes,Spicy and flavorful,26,198
43,Soup,Classic dish,41,170
44,Salad,Quick and easy,89,337
45,Vegetable Stir Fry,Spicy and flavorful,85,443
46,Tacos,Healthy choice,61,308
47,Pizza,Comfort food,29,258
48,Salad,Spicy and flavorful,81,303
49,Vegetable Stir Fry,Comfort food,72,164
50,Sushi,Classic dish,77,117
51,Vegetable Stir Fry,Spicy and flavorful,89,229
52,Tacos,Quick and easy,48,319
53,Sushi,Classic dish,20,205
54,Pizza,Comfort food,56,304
55,Pizza,Healthy choice,44,170
56,Spaghetti,Healthy choice,42,204
57,Soup,Comfort food,76,357
58,Soup,Classic dish,39,250
59,Burger,Spicy and flavorful,34,367
60,Pizza,Quick and easy,75,333
61,Burger,Comfort food,23,177
62,Salad,Healthy choice,30,138
63,Vegetable Stir Fry,Comfort food,62,435
64,Burger,Comfort food,61,319
65,Sushi,Quick and easy,79,234
66,Salad,Classic dish,88,198
67,Grilled Chicken,Comfort food,79,325
68,Pancakes,Classic dish,65,452
69,Pizza,Spicy and flavorful,21,413
70,Salad,Healthy choice,72,295
71,Pancakes,Quick and easy,79,421
72,Vegetable Stir Fry,Quick and easy,27,444
73,Salad,Classic dish,47,252
74,Salad,Comfort food,41,454
75,Pizza,Healthy choice,78,413
76,Grilled Chicken,Healthy choice,35,223
77,Salad,Spicy and flavorful,57,339
78,Pancakes,Comfort food,45,145
79,Burger,Quick and easy,71,326
80,Burger,Quick and easy,40,335
81,Grilled Chicken,Classic dish,63,102
82,Tacos,Classic dish,74,328
83,Salad,Healthy choice,35,157
84,Burger,Spicy and flavorful,15,257
85,Pancakes,Healthy choice,31,267
86,Pancakes,Quick and easy,42,248
87,Salad,Healthy choice,10,318
88,Soup,Quick and easy,21,269
89,Tacos,Quick and easy,81,154
90,Pizza,Comfort food,61,477
91,Pancakes,Spicy and flavorful,41,499
92,Vegetable Stir Fry,Comfort food,28,381
93,Burger,Classic dish,31,322
94,Vegetable Stir Fry,Spicy and flavorful,14,139
95,Salad,Spicy and flavorful,84,146
96,Burger,Classic dish,47,390
97,Vegetable Stir Fry,Comfort food,32,415
98,Vegetable Stir Fry,Classic dish,78,251
99,Vegetable Stir Fry,Classic dish,50,142
100,Tacos,Quick and easy,45,238
101,Salad,Healthy choice,84,354
102,Salad,Healthy choice,42,188
103,Salad,Classic dish,88,144
104,Salad,Spicy and flavorful,66,169
105,Pancakes,Spicy and flavorful,43,153
106,Tacos,Comfort food,75,438
107,Pancakes,Comfort food,72,156
108,Pancakes,Healthy choice,64,146
109,Vegetable Stir Fry,Spicy and flavorful,21,103
110,Pizza,Quick and easy,32,148
111,Spaghetti,Healthy choice,72,480
112,Pancakes,Healthy choice,14,338
113,Sushi,Comfort food,54,321
114,Pancakes,Healthy choice,23,203
115,Vegetable Stir Fry,Quick and easy,17,149
116,Vegetable Stir Fry,Comfort food,89,467
117,Salad,Classic dish,86,434
118,Burger,Classic dish,19,346
119,Soup,Classic dish,66,167
120,Pancakes,Classic dish,32,121
121,Sushi,Classic dish,29,142
122,Soup,Quick and easy,72,284
123,Soup,Spicy and flavorful,15,283
124,Salad,Comfort food,59,175
125,Soup,Classic dish,74,212
126,Soup,Comfort food,55,212
127,Salad,Healthy choice,45,470
128,Soup,Spicy and flavorful,89,192
129,Vegetable Stir Fry,Quick and easy,46,262
130,Pizza,Classic dish,27,433
131,Burger,Healthy choice,19,375
132,Spaghetti,Healthy choice,18,373
133,Pizza,Classic dish,64,453
134,Burger,Comfort food,53,479
135,Grilled Chicken,Quick and easy,49,238
136,Salad,Quick and easy,72,221
137,Sushi,Spicy and flavorful,10,194
138,Spaghetti,Classic dish,81,105
139,Burger,Healthy choice,21,297
140,Burger,Healthy choice,27,434
141,Soup,Healthy choice,32,465
142,Grilled Chicken,Classic dish,19,292
143,Salad,Healthy choice,74,218
144,Vegetable Stir Fry,Classic dish,54,308
145,Grilled Chicken,Quick and easy,35,283
146,Grilled Chicken,Healthy choice,71,135
147,Spaghetti,Comfort food,36,318
148,Sushi,Spicy and flavorful,51,140
149,Pancakes,Quick and easy,55,104
150,Pizza,Comfort food,66,296
151,Sushi,Spicy and flavorful,76,173
152,Vegetable Stir Fry,Healthy choice,39,469
153,Burger,Spicy and flavorful,70,425
154,Salad,Spicy and flavorful,28,360
155,Tacos,Classic dish,34,324
156,Sushi,Healthy choice,75,471
157,Tacos,Spicy and flavorful,63,329
158,Spaghetti,Spicy and flavorful,15,129
159,Tacos,Spicy and flavorful,42,336
160,Spaghetti,Quick and easy,89,485
161,Sushi,Healthy choice,26,396
162,Tacos,Classic dish,38,266
163,Soup,Classic dish,38,476
164,Salad,Comfort food,48,248
165,Vegetable Stir Fry,Classic dish,81,488
166,Grilled Chicken,Spicy and flavorful,37,157
167,Pancakes,Quick and easy,40,491
168,Soup,Quick and easy,28,255
169,Vegetable Stir Fry,Comfort food,86,407
170,Burger,Spicy and flavorful,23,135
171,Vegetable Stir Fry,Classic dish,68,445
172,Sushi,Quick and easy,74,353
173,Pancakes,Healthy choice,45,496
174,Grilled Chicken,Comfort food,18,170
175,Soup,Quick and easy,26,190
176,Tacos,Classic dish,80,470
177,Vegetable Stir Fry,Spicy and flavorful,46,169
178,Vegetable Stir Fry,Comfort food,65,109
179,Pizza,Comfort food,63,194
180,Burger,Comfort food,76,194
181,Sushi,Quick and easy,70,211
182,Grilled Chicken,Classic dish,15,237
183,Grilled Chicken,Healthy choice,87,128
184,Pizza,Comfort food,89,351
185,Spaghetti,Spicy and flavorful,34,123
186,Salad,Quick and easy,69,170
187,Pizza,Healthy choice,12,143
188,Salad,Quick and easy,28,372
189,Sushi,Spicy and flavorful,40,269
190,Salad,Comfort food,40,362
191,Pizza,Quick and easy,56,149
192,Sushi,Classic dish,63,376
193,Salad,Spicy and flavorful,22,265
194,Pizza,Quick and easy,36,387
195,Pancakes,Spicy and flavorful,10,441
196,Burger,Healthy choice,12,251
197,Pizza,Classic dish,25,398
198,Grilled Chicken,Healthy choice,63,235
199,Burger,Classic dish,70,193
200,Pancakes,Classic dish,84,374
201,Burger,Healthy choice,14,216
202,Salad,Healthy choice,53,387
203,Spaghetti,Spicy and flavorful,13,311
204,Vegetable Stir Fry,Quick and easy,83,148
205,Spaghetti,Spicy and flavorful,15,343
206,Vegetable Stir Fry,Comfort food,25,100
207,Sushi,Classic dish,87,333
208,Vegetable Stir Fry,Spicy and flavorful,45,439
209,Pancakes,Comfort food,73,110
210,Spaghetti,Quick and easy,75,376
211,Burger,Spicy and flavorful,57,462
212,Spaghetti,Classic dish,16,452
213,Pizza,Comfort food,45,201
214,Burger,Spicy and flavorful,51,254
215,Sushi,Quick and easy,28,291
216,Spaghetti,Healthy choice,26,120
217,Grilled Chicken,Healthy choice,17,297
218,Tacos,Quick and easy,48,384
219,Soup,Healthy choice,77,500
220,Pancakes,Classic dish,88,467
221,Pancakes,Spicy and flavorful,30,129
222,Pizza,Classic dish,43,224
223,Grilled Chicken,Healthy choice,13,166
224,Sushi,Classic dish,61,299
225,Pizza,Quick and easy,77,477
226,Sushi,Healthy choice,10,175
227,Pizza,Healthy choice,83,392
228,Vegetable Stir Fry,Classic dish,29,245
229,Tacos,Spicy and flavorful,18,214
230,Tacos,Classic dish,66,254
231,Spaghetti,Classic dish,89,166
232,Pancakes,Spicy and flavorful,46,387
233,Pizza,Classic dish,11,141
234,Burger,Quick and easy,50,149
235,Spaghetti,Comfort food,76,388
236,Salad,Quick and easy,85,447
237,Salad,Spicy and flavorful,67,226
238,Spaghetti,Classic dish,38,185
239,Pancakes,Quick and easy,75,434
240,Burger,Classic dish,28,196
241,Grilled Chicken,Comfort food,27,281
242,Soup,Healthy choice,37,162
243,Salad,Classic dish,21,328
244,Vegetable Stir Fry,Spicy and flavorful,22,498
245,Tacos,Quick and easy,67,294
246,Spaghetti,Healthy choice,83,277
247,Soup,Healthy choice,12,354
248,Grilled Chicken,Spicy and flavorful,54,218
249,Burger,Classic dish,65,373
250,Salad,Healthy choice,46,343
251,Tacos,Classic dish,80,382
252,Burger,Classic dish,86,192
253,Burger,Quick and easy,51,285
254,Vegetable Stir Fry,Spicy and flavorful,16,456
255,Pancakes,Classic dish,20,187
256,Pizza,Classic dish,88,262
257,Burger,Spicy and flavorful,51,482
258,Pizza,Quick and easy,71,166
259,Grilled Chicken,Comfort food,84,419
260,Salad,Healthy choice,46,417
261,Soup,Healthy choice,60,177
262,Pizza,Comfort food,77,191
263,Spaghetti,Classic dish,68,161
264,Pizza,Spicy and flavorful,61,137
265,Grilled Chicken,Quick and easy,35,260
266,Burger,Comfort food,45,217
267,Tacos,Spicy and flavorful,73,143
268,Spaghetti,Quick and easy,49,281
269,Pancakes,Quick and easy,77,182
270,Tacos,Classic dish,29,405
271,Tacos,Comfort food,68,179
272,Vegetable Stir Fry,Classic dish,83,462
273,Pancakes,Quick and easy,36,289
274,Spaghetti,Classic dish,32,331
275,Grilled Chicken,Spicy and flavorful,34,251
276,Salad,Spicy and flavorful,53,404
277,Sushi,Healthy choice,35,359
278,Tacos,Quick and easy,17,116
279,Grilled Chicken,Spicy and flavorful,16,305
280,Tacos,Quick and easy,23,492
281,Pancakes,Comfort food,45,145
282,Pizza,Classic dish,32,333
283,Salad,Classic dish,31,352
284,Grilled Chicken,Comfort food,24,386
285,Salad,Comfort food,64,176
286,Pancakes,Comfort food,50,166
287,Pizza,Quick and easy,58,109
288,Pancakes,Comfort food,64,207
289,Tacos,Healthy choice,69,384
290,Salad,Quick and easy,57,457
291,Sushi,Classic dish,72,332
292,Sushi,Quick and easy,40,489
293,Soup,Comfort food,67,391
294,Salad,Quick and easy,33,189
295,Pancakes,Spicy and flavorful,48,383
296,Pancakes,Classic dish,89,418
297,Burger,Quick and easy,82,411
298,Burger,Spicy and flavorful,39,281
299,Salad,Classic dish,10,464
300,Sushi,Spicy and flavorful,71,192
301,Pizza,Quick and easy,50,117
302,Grilled Chicken,Healthy choice,12,346
303,Pancakes,Healthy choice,83,192
304,Vegetable Stir Fry,Classic dish,50,470
305,Pizza,Healthy choice,49,488
306,Burger,Quick and easy,38,145
307,Pancakes,Comfort food,67,433
308,Pizza,Healthy choice,81,412
309,Pizza,Classic dish,34,500
310,Pizza,Spicy and flavorful,89,314
311,Soup,Comfort food,40,210
312,Salad,Quick and easy,55,372
313,Vegetable Stir Fry,Comfort food,15,233
314,Spaghetti,Healthy choice,46,105
315,Burger,Quick and easy,37,204
316,Vegetable Stir Fry,Spicy and flavorful,76,481
317,Soup,Healthy choice,40,450
318,Tacos,Spicy and flavorful,71,211
319,Grilled Chicken,Classic dish,43,348
320,Tacos,Classic dish,17,315
321,Tacos,Healthy choice,73,410
322,Pizza,Quick and easy,28,267
323,Burger,Quick and easy,82,261
324,Sushi,Healthy choice,68,252
325,Pancakes,Healthy choice,67,171
326,Pizza,Classic dish,79,389
327,Soup,Classic dish,61,178
328,Grilled Chicken,Healthy choice,51,361
329,Pizza,Healthy choice,52,339
330,Tacos,Comfort food,37,431
331,Salad,Healthy choice,49,445
332,Tacos,Quick and easy,53,240
333,Soup,Comfort food,32,424
334,Tacos,Quick and easy,73,396
335,Grilled Chicken,Quick and easy,67,401
336,Tacos,Spicy and flavorful,80,429
337,Grilled Chicken,Spicy and flavorful,84,210
338,Pizza,Classic dish,14,316
339,Spaghetti,Spicy and flavorful,12,212
340,Soup,Comfort food,70,382
341,Spaghetti,Comfort food,49,206
342,Tacos,Classic dish,56,340
343,Sushi,Spicy and flavorful,42,393
344,Burger,Healthy choice,79,185
345,Soup,Healthy choice,88,130
346,Burger,Classic dish,32,293
347,Grilled Chicken,Comfort food,53,120
348,Spaghetti,Comfort food,60,186
349,Vegetable Stir Fry,Spicy and flavorful,48,400
350,Burger,Quick and easy,13,237
351,Pancakes,Healthy choice,15,336
352,Sushi,Comfort food,88,439
353,Tacos,Healthy choice,55,439
354,Pizza,Quick and easy,32,194
355,Pancakes,Spicy and flavorful,76,465
356,Salad,Healthy choice,67,410
357,Burger,Spicy and flavorful,60,388
358,Grilled Chicken,Spicy and flavorful,33,482
359,Spaghetti,Healthy choice,44,336
360,Spaghetti,Spicy and flavorful,86,300
361,Tacos,Healthy choice,47,164
362,Sushi,Healthy choice,46,327
363,Spaghetti,Healthy choice,31,290
364,Soup,Comfort food,41,417
365,Pizza,Spicy and flavorful,73,356
366,Soup,Quick and easy,62,282
367,Pizza,Spicy and flavorful,65,408
368,Soup,Spicy and flavorful,36,183
369,Sushi,Healthy choice,14,404
370,Grilled Chicken,Classic dish,54,212
371,Pancakes,Spicy and flavorful,85,428
372,Sushi,Healthy choice,42,474
373,Soup,Healthy choice,69,256
374,Vegetable Stir Fry,Comfort food,81,311
375,Salad,Spicy and flavorful,61,194
376,Pancakes,Quick and easy,44,459
377,Tacos,Classic dish,82,224
378,Sushi,Quick and easy,86,328
379,Soup,Healthy choice,55,307
380,Spaghetti,Spicy and flavorful,44,275
381,Salad,Quick and easy,53,322
382,Soup,Comfort food,45,356
383,Soup,Quick and easy,19,134
384,Burger,Classic dish,11,225
385,Pancakes,Quick and easy,38,299
386,Vegetable Stir Fry,Spicy and flavorful,81,487
387,Grilled Chicken,Healthy choice,38,410
388,Tacos,Spicy and flavorful,33,250
389,Burger,Comfort food,66,302
390,Burger,Classic dish,87,184
391,Soup,Healthy choice,51,274
392,Vegetable Stir Fry,Quick and easy,40,397
393,Sushi,Spicy and flavorful,23,367
394,Salad,Quick and easy,51,364
395,Burger,Comfort food,49,217
396,Vegetable Stir Fry,Comfort food,17,374
397,Tacos,Comfort food,30,312
398,Pizza,Healthy choice,76,107
399,Grilled Chicken,Comfort food,69,343
400,Pancakes,Healthy choice,35,437
401,Sushi,Spicy and flavorful,17,500
402,Salad,Comfort food,39,231
403,Vegetable Stir Fry,Comfort food,51,118
404,Grilled Chicken,Spicy and flavorful,43,386
405,Soup,Quick and easy,14,273
406,Vegetable Stir Fry,Quick and easy,17,133
407,Sushi,Spicy and flavorful,78,483
408,Spaghetti,Classic dish,72,364
409,Sushi,Spicy and flavorful,82,150
410,Grilled Chicken,Healthy choice,53,417
411,Vegetable Stir Fry,Healthy choice,64,229
412,Pizza,Classic dish,15,362
413,Burger,Classic dish,82,405
414,Pancakes,Healthy choice,16,241
415,Sushi,Quick and easy,71,455
416,Sushi,Spicy and flavorful,87,450
417,Vegetable Stir Fry,Healthy choice,37,247
418,Sushi,Comfort food,30,201
419,Vegetable Stir Fry,Classic dish,43,346
420,Burger,Comfort food,39,117
421,Burger,Healthy choice,23,158
422,Salad,Comfort food,45,128
423,Sushi,Classic dish,24,103
424,Soup,Comfort food,65,291
425,Sushi,Comfort food,54,407
426,Vegetable Stir Fry,Classic dish,21,417
427,Pancakes,Quick and easy,86,297
428,Soup,Quick and easy,55,500
429,Vegetable Stir Fry,Classic dish,43,199
430,Salad,Healthy choice,12,170
431,Salad,Healthy choice,85,407
432,Burger,Quick and easy,13,172
433,Tacos,Classic dish,64,479
434,Pizza,Healthy choice,43,477
435,Grilled Chicken,Classic dish,78,362
436,Sushi,Healthy choice,30,330
437,Sushi,Classic dish,42,333
438,Grilled Chicken,Comfort food,40,258
439,Pancakes,Healthy choice,71,318
440,Sushi,Comfort food,64,126
441,Burger,Classic dish,58,203
442,Burger,Healthy choice,69,287
443,Vegetable Stir Fry,Comfort food,73,439
444,Salad,Comfort food,71,428
445,Grilled Chicken,Comfort food,88,366
446,Pizza,Classic dish,54,379
447,Soup,Classic dish,29,224
448,Tacos,Classic dish,86,439
449,Soup,Quick and easy,57,246
450,Salad,Comfort food,40,139
451,Soup,Quick and easy,40,427
452,Burger,Spicy and flavorful,66,300
453,Pizza,Healthy choice,89,261
454,Pancakes,Classic dish,39,167
455,Soup,Classic dish,20,321
456,Spaghetti,Comfort food,45,355
457,Soup,Comfort food,84,427
458,Sushi,Quick and easy,18,341
459,Sushi,Healthy choice,52,164
460,Sushi,Classic dish,46,289
461,Burger,Classic dish,29,497
462,Soup,Spicy and flavorful,32,426
463,Soup,Comfort food,72,371
464,Burger,Healthy choice,84,235
465,Grilled Chicken,Comfort food,76,196
466,Spaghetti,Healthy choice,10,421
467,Soup,Classic dish,34,129
468,Burger,Spicy and flavorful,81,307
469,Burger,Healthy choice,84,271
470,Pancakes,Classic dish,13,101
471,Soup,Comfort food,63,465
472,Tacos,Spicy and flavorful,74,115
473,Tacos,Healthy choice,14,147
474,Pizza,Classic dish,45,286
475,Sushi,Healthy choice,47,178
476,Spaghetti,Healthy choice,49,244
477,Soup,Comfort food,18,236
478,Pizza,Classic dish,31,451
479,Grilled Chicken,Comfort food,36,432
480,Pancakes,Quick and easy,42,269
481,Tacos,Comfort food,50,460
482,Sushi,Healthy choice,66,443
483,Tacos,Healthy choice,34,134
484,Pizza,Comfort food,56,286
485,Burger,Classic dish,15,361
486,Pancakes,Comfort food,64,197
487,Soup,Healthy choice,76,441
488,Sushi,Comfort food,68,193
489,Soup,Spicy and flavorful,80,404
490,Spaghetti,Classic dish,66,235
491,Pancakes,Quick and easy,50,149
492,Soup,Quick and easy,86,495
493,Spaghetti,Healthy choice,25,356
494,Sushi,Healthy choice,70,335
495,Spaghetti,Comfort food,80,299
496,Vegetable Stir Fry,Comfort food,21,451
497,Grilled Chicken,Healthy choice,80,190
498,Tacos,Healthy choice,83,274
499,Sushi,Quick and easy,44,445
500,Burger,Classic dish,42,166
501,Pancakes,Comfort food,50,118
502,Salad,Quick and easy,74,304
503,Salad,Spicy and flavorful,51,174
504,Sushi,Comfort food,48,441
505,Pancakes,Spicy and flavorful,47,295
506,Sushi,Spicy and flavorful,63,197
507,Pancakes,Classic dish,37,173
508,Sushi,Healthy choice,44,160
509,Spaghetti,Classic dish,43,319
510,Vegetable Stir Fry,Spicy and flavorful,41,282
511,Pizza,Quick and easy,11,380
512,Spaghetti,Quick and easy,51,222
513,Grilled Chicken,Spicy and flavorful,86,199
514,Sushi,Healthy choice,63,469
515,Burger,Quick and easy,82,130
516,Pizza,Spicy and flavorful,88,127
517,Sushi,Spicy and flavorful,43,164
518,Pizza,Comfort food,38,374
519,Soup,Classic dish,62,209
520,Tacos,Quick and easy,54,147
521,Pancakes,Quick and easy,36,450
522,Soup,Classic dish,20,477
523,Soup,Spicy and flavorful,41,214
524,Pancakes,Comfort food,63,287
525,Pizza,Spicy and flavorful,34,359
526,Spaghetti,Quick and easy,77,385
527,Tacos,Healthy choice,76,172
528,Spaghetti,Spicy and flavorful,51,300
529,Grilled Chicken,Comfort food,47,400
530,Burger,Quick and easy,58,240
531,Pizza,Healthy choice,82,203
532,Grilled Chicken,Comfort food,56,177
533,Pizza,Healthy choice,56,462
534,Spaghetti,Spicy and flavorful,28,277
535,Pancakes,Comfort food,45,161
536,Sushi,Classic dish,20,417
537,Tacos,Spicy and flavorful,31,225
538,Pancakes,Classic dish,19,201
539,Pancakes,Quick and easy,11,130
540,Vegetable Stir Fry,Spicy and flavorful,42,259
541,Sushi,Classic dish,13,368
542,Salad,Classic dish,36,498
543,Tacos,Quick and easy,43,443
544,Burger,Comfort food,38,357
545,Sushi,Classic dish,32,281
546,Pancakes,Classic dish,15,335
547,Burger,Classic dish,40,258
548,Pancakes,Healthy choice,45,214
549,Soup,Comfort food,57,356
550,Grilled Chicken,Quick and easy,79,221
551,Tacos,Comfort food,21,357
552,Sushi,Quick and easy,60,102
553,Grilled Chicken,Comfort food,17,243
554,Pancakes,Classic dish,37,184
555,Vegetable Stir Fry,Classic dish,42,361
556,Pancakes,Quick and easy,10,309
557,Tacos,Quick and easy,55,106
558,Burger,Healthy choice,57,432
559,Pancakes,Comfort food,39,161
560,Grilled Chicken,Quick and easy,20,289
561,Soup,Comfort food,15,303
562,Pancakes,Spicy and flavorful,15,398
563,Salad,Classic dish,77,299
564,Pancakes,Spicy and flavorful,75,119
565,Salad,Healthy choice,80,189
566,Pancakes,Classic dish,10,215
567,Vegetable Stir Fry,Quick and easy,74,226
568,Burger,Spicy and flavorful,85,215
569,Burger,Comfort food,68,491
570,Sushi,Spicy and flavorful,21,107
571,Burger,Classic dish,41,401
572,Spaghetti,Healthy choice,43,329
573,Salad,Quick and easy,10,367
574,Tacos,Quick and easy,51,412
575,Tacos,Quick and easy,48,238
576,Spaghetti,Healthy choice,21,196
577,Pancakes,Spicy and flavorful,18,391
578,Vegetable Stir Fry,Quick and easy,22,447
579,Pizza,Comfort food,52,180
580,Salad,Spicy and flavorful,41,206
581,Vegetable Stir Fry,Classic dish,53,193
582,Soup,Healthy choice,12,232
583,Soup,Quick and easy,70,260
584,Grilled Chicken,Classic dish,47,153
585,Burger,Spicy and flavorful,32,375
586,Spaghetti,Healthy choice,64,266
587,Soup,Healthy choice,64,378
588,Sushi,Healthy choice,25,282
589,Sushi,Comfort food,70,137
590,Salad,Spicy and flavorful,70,117
591,Spaghetti,Spicy and flavorful,20,149
592,Burger,Healthy choice,19,318
593,Tacos,Healthy choice,37,228
594,Grilled Chicken,Quick and easy,40,135
595,Pizza,Spicy and flavorful,27,203
596,Sushi,Quick and easy,50,178
597,Soup,Classic dish,19,204
598,Grilled Chicken,Spicy and flavorful,10,121
599,Tacos,Spicy and flavorful,67,286
600,Vegetable Stir Fry,Comfort food,47,389
601,Grilled Chicken,Spicy and flavorful,64,189
602,Pizza,Healthy choice,47,315
603,Soup,Quick and easy,33,453
604,Vegetable Stir Fry,Healthy choice,59,157
605,Spaghetti,Spicy and flavorful,17,269
606,Soup,Classic dish,81,149
607,Salad,Quick and easy,65,349
608,Soup,Classic dish,71,100
609,Salad,Comfort food,11,191
610,Grilled Chicken,Classic dish,49,421
611,Grilled Chicken,Classic dish,78,190
612,Grilled Chicken,Quick and easy,23,335
613,Soup,Quick and easy,51,435
614,Tacos,Comfort food,21,331
615,Tacos,Healthy choice,69,155
616,Burger,Healthy choice,37,118
617,Grilled Chicken,Classic dish,86,202
618,Burger,Comfort food,75,124
619,Vegetable Stir Fry,Classic dish,18,275
620,Pancakes,Comfort food,33,385
621,Salad,Healthy choice,85,465
622,Tacos,Spicy and flavorful,73,405
623,Burger,Quick and easy,81,235
624,Salad,Classic dish,70,273
625,Tacos,Healthy choice,37,180
626,Pizza,Classic dish,19,106
627,Soup,Healthy choice,61,382
628,Spaghetti,Comfort food,49,353
629,Soup,Comfort food,28,280
630,Pancakes,Spicy and flavorful,50,156
631,Grilled Chicken,Classic dish,66,315
632,Soup,Comfort food,13,329
633,Grilled Chicken,Healthy choice,74,245
634,Spaghetti,Comfort food,23,348
635,Sushi,Comfort food,78,246
636,Burger,Quick and easy,46,388
637,Burger,Healthy choice,73,130
638,Soup,Healthy choice,69,398
639,Soup,Spicy and flavorful,13,253
640,Spaghetti,Comfort food,12,467
641,Pancakes,Quick and easy,85,440
642,Vegetable Stir Fry,Quick and easy,72,115
643,Grilled Chicken,Quick and easy,72,390
644,Burger,Spicy and flavorful,78,426
645,Sushi,Quick and easy,80,340
646,Salad,Classic dish,16,138
647,Pizza,Classic dish,80,322
648,Grilled Chicken,Healthy choice,79,284
649,Tacos,Classic dish,31,187
650,Salad,Comfort food,15,188
651,Burger,Quick and easy,81,378
652,Tacos,Healthy choice,59,243
653,Salad,Healthy choice,11,166
654,Vegetable Stir Fry,Comfort food,60,106
655,Pizza,Quick and easy,10,136
656,Salad,Quick and easy,89,183
657,Grilled Chicken,Quick and easy,66,405
658,Sushi,Quick and easy,61,142
659,Grilled Chicken,Healthy choice,45,245
660,Tacos,Healthy choice,41,152
661,Pancakes,Comfort food,42,333
662,Pizza,Quick and easy,87,415
663,Grilled Chicken,Healthy choice,73,210
664,Pancakes,Comfort food,25,394
665,Salad,Classic dish,34,194
666,Pizza,Spicy and flavorful,89,309
667,Sushi,Healthy choice,54,207
668,Burger,Healthy choice,77,154
669,Pancakes,Quick and easy,58,131
670,Grilled Chicken,Quick and easy,82,164
671,Spaghetti,Classic dish,40,205
672,Burger,Quick and easy,72,115
673,Pizza,Spicy and flavorful,70,203
674,Soup,Classic dish,15,336
675,Burger,Comfort food,62,171
676,Pizza,Spicy and flavorful,25,281
677,Salad,Comfort food,81,277
678,Sushi,Comfort food,83,279
679,Grilled Chicken,Classic dish,88,285
680,Grilled Chicken,Healthy choice,73,298
681,Sushi,Quick and easy,27,412
682,Soup,Quick and easy,26,300
683,Salad,Spicy and flavorful,48,419
684,Pizza,Quick and easy,10,363
685,Spaghetti,Healthy choice,36,349
686,Tacos,Quick and easy,67,301
687,Tacos,Classic dish,72,367
688,Burger,Healthy choice,78,482
689,Pizza,Classic dish,41,323
690,Pizza,Quick and easy,77,414
691,Pancakes,Quick and easy,17,249
692,Pizza,Classic dish,39,192
693,Burger,Quick and easy,32,409
694,Pancakes,Comfort food,67,189
695,Pizza,Spicy and flavorful,51,441
696,Spaghetti,Healthy choice,89,395
697,Grilled Chicken,Quick and easy,58,402
698,Sushi,Healthy choice,56,356
699,Salad,Quick and easy,74,244
700,Salad,Comfort food,79,495
701,Pancakes,Classic dish,73,391
702,Sushi,Classic dish,41,328
703,Soup,Spicy and flavorful,47,341
704,Pizza,Classic dish,26,205
705,Soup,Quick and easy,22,133
706,Pizza,Quick and easy,18,353
707,Grilled Chicken,Quick and easy,70,185
708,Salad,Spicy and flavorful,79,316
709,Vegetable Stir Fry,Comfort food,78,455
710,Grilled Chicken,Comfort food,27,417
711,Burger,Classic dish,35,478
712,Tacos,Spicy and flavorful,44,145
713,Vegetable Stir Fry,Spicy and flavorful,70,108
714,Spaghetti,Spicy and flavorful,37,405
715,Vegetable Stir Fry,Comfort food,11,210
716,Sushi,Comfort food,44,231
717,Burger,Spicy and flavorful,70,174
718,Pizza,Healthy choice,83,473
719,Salad,Spicy and flavorful,50,402
720,Spaghetti,Spicy and flavorful,25,124
721,Pancakes,Classic dish,38,493
722,Burger,Comfort food,37,238
723,Grilled Chicken,Comfort food,26,242
724,Grilled Chicken,Quick and easy,80,358
725,Pizza,Classic dish,25,245
726,Sushi,Quick and easy,52,422
727,Sushi,Classic dish,64,481
728,Tacos,Spicy and flavorful,88,467
729,Pancakes,Classic dish,28,340
730,Soup,Comfort food,37,246
731,Pancakes,Comfort food,60,267
732,Tacos,Comfort food,38,105
733,Vegetable Stir Fry,Spicy and flavorful,27,427
734,Burger,Comfort food,11,300
735,Pizza,Spicy and flavorful,19,174
736,Sushi,Quick and easy,84,348
737,Soup,Healthy choice,64,391
738,Salad,Classic dish,85,427
739,Burger,Quick and easy,22,449
740,Soup,Quick and easy,80,457
741,Sushi,Healthy choice,76,120
742,Soup,Quick and easy,52,458
743,Vegetable Stir Fry,Healthy choice,84,164
744,Burger,Healthy choice,69,360
745,Vegetable Stir Fry,Classic dish,57,157
746,Grilled Chicken,Spicy and flavorful,38,385
747,Pancakes,Classic dish,29,222
748,Spaghetti,Spicy and flavorful,65,442
749,Vegetable Stir Fry,Quick and easy,57,270
750,Sushi,Spicy and flavorful,34,441
751,Grilled Chicken,Healthy choice,82,293
752,Pizza,Comfort food,53,435
753,Tacos,Quick and easy,58,375
754,Pizza,Comfort food,37,207
755,Tacos,Spicy and flavorful,74,220
756,Pancakes,Classic dish,34,491
757,Burger,Healthy choice,58,408
758,Spaghetti,Comfort food,26,369
759,Sushi,Quick and easy,86,168
760,Salad,Healthy choice,59,258
761,Grilled Chicken,Quick and easy,67,116
762,Spaghetti,Spicy and flavorful,32,153
763,Sushi,Comfort food,16,308
764,Pizza,Classic dish,57,169
765,Sushi,Spicy and flavorful,11,318
766,Pancakes,Classic dish,72,192
767,Spaghetti,Quick and easy,45,263
768,Sushi,Quick and easy,16,250
769,Vegetable Stir Fry,Comfort food,64,374
770,Burger,Classic dish,15,436
771,Tacos,Healthy choice,45,184
772,Soup,Comfort food,16,408
773,Salad,Spicy and flavorful,12,434
774,Pancakes,Classic dish,50,353
775,Tacos,Healthy choice,33,327
776,Sushi,Quick and easy,83,290
777,Spaghetti,Classic dish,63,427
778,Grilled Chicken,Spicy and flavorful,41,279
779,Burger,Healthy choice,89,271
780,Pancakes,Classic dish,86,129
781,Vegetable Stir Fry,Quick and easy,77,179
782,Salad,Healthy choice,79,175
783,Salad,Quick and easy,49,343
784,Pizza,Comfort food,56,457
785,Sushi,Quick and easy,64,470
786,Grilled Chicken,Comfort food,18,286
787,Pizza,Spicy and flavorful,65,410
788,Salad,Healthy choice,76,403
789,Tacos,Classic dish,49,467
790,Pancakes,Healthy choice,84,299
791,Spaghetti,Comfort food,10,389
792,Tacos,Comfort food,61,294
793,Spaghetti,Quick and easy,69,121
794,Spaghetti,Quick and easy,13,490
795,Pancakes,Healthy choice,26,247
796,Vegetable Stir Fry,Spicy and flavorful,60,484
797,Grilled Chicken,Spicy and flavorful,33,486
798,Soup,Comfort food,63,145
799,Pancakes,Comfort food,84,454
800,Sushi,Quick and easy,58,409
801,Spaghetti,Classic dish,62,209
802,Soup,Quick and easy,76,376
803,Vegetable Stir Fry,Classic dish,78,168
804,Pizza,Healthy choice,48,399
805,Burger,Spicy and flavorful,35,136
806,Pizza,Classic dish,57,163
807,Pizza,Healthy choice,50,207
808,Grilled Chicken,Comfort food,88,115
809,Burger,Quick and easy,14,223
810,Soup,Spicy and flavorful,34,362
811,Sushi,Quick and easy,40,373
812,Spaghetti,Spicy and flavorful,14,204
813,Tacos,Classic dish,19,293
814,Salad,Quick and easy,16,159
815,Pancakes,Healthy choice,64,399
816,Burger,Healthy choice,53,295
817,Burger,Quick and easy,19,458
818,Salad,Spicy and flavorful,44,123
819,Salad,Quick and easy,64,265
820,Spaghetti,Spicy and flavorful,24,305
821,Grilled Chicken,Comfort food,79,194
822,Pancakes,Quick and easy,11,151
823,Pancakes,Healthy choice,30,456
824,Pancakes,Classic dish,88,244
825,Grilled Chicken,Healthy choice,21,122
826,Vegetable Stir Fry,Quick and easy,47,120
827,Grilled Chicken,Spicy and flavorful,76,377
828,Sushi,Classic dish,54,478
829,Pizza,Quick and easy,68,189
830,Pancakes,Healthy choice,12,320
831,Soup,Healthy choice,80,349
832,Salad,Spicy and flavorful,69,215
833,Sushi,Comfort food,37,424
834,Pizza,Quick and easy,33,286
835,Spaghetti,Spicy and flavorful,89,427
836,Vegetable Stir Fry,Comfort food,44,347
837,Burger,Quick and easy,75,132
838,Pancakes,Quick and easy,33,142
839,Salad,Classic dish,64,313
840,Soup,Classic dish,45,299
841,Pizza,Spicy and flavorful,23,493
842,Pizza,Healthy choice,52,318
843,Pancakes,Quick and easy,51,304
844,Grilled Chicken,Spicy and flavorful,79,334
845,Vegetable Stir Fry,Classic dish,80,242
846,Salad,Quick and easy,12,100
847,Vegetable Stir Fry,Quick and easy,83,148
848,Salad,Quick and easy,88,181
849,Pancakes,Spicy and flavorful,84,153
850,Sushi,Quick and easy,73,347
851,Soup,Classic dish,82,304
852,Salad,Quick and easy,46,457
853,Pizza,Classic dish,29,238
854,Grilled Chicken,Healthy choice,58,291
855,Pancakes,Spicy and flavorful,65,141
856,Soup,Healthy choice,79,307
857,Burger,Spicy and flavorful,38,319
858,Soup,Quick and easy,81,239
859,Grilled Chicken,Healthy choice,53,213
860,Grilled Chicken,Comfort food,71,460
861,Grilled Chicken,Comfort food,64,201
862,Vegetable Stir Fry,Comfort food,12,316
863,Grilled Chicken,Comfort food,84,144
864,Pizza,Spicy and flavorful,54,461
865,Tacos,Comfort food,54,199
866,Pizza,Healthy choice,15,475
867,Grilled Chicken,Spicy and flavorful,43,409
868,Tacos,Healthy choice,76,483
869,Soup,Comfort food,48,358
870,Grilled Chicken,Comfort food,19,377
871,Salad,Comfort food,25,217
872,Spaghetti,Spicy and flavorful,60,263
873,Salad,Spicy and flavorful,46,244
874,Grilled Chicken,Spicy and flavorful,38,208
875,Pizza,Spicy and flavorful,69,305
876,Burger,Quick and easy,48,101
877,Sushi,Comfort food,61,329
878,Sushi,Quick and easy,85,375
879,Spaghetti,Classic dish,28,209
880,Pizza,Spicy and flavorful,11,190
881,Tacos,Healthy choice,53,428
882,Pancakes,Spicy and flavorful,49,304
883,Tacos,Healthy choice,44,422
884,Sushi,Quick and easy,23,205
885,Burger,Spicy and flavorful,53,222
886,Salad,Healthy choice,56,386
887,Tacos,Healthy choice,61,201
888,Burger,Comfort food,73,405
889,Sushi,Quick and easy,53,493
890,Soup,Quick and easy,19,454
891,Pizza,Classic dish,88,268
892,Burger,Comfort food,38,327
893,Grilled Chicken,Comfort food,68,375
894,Pancakes,Quick and easy,38,184
895,Grilled Chicken,Classic dish,90,238
896,Sushi,Comfort food,16,248
897,Spaghetti,Healthy choice,54,362
898,Sushi,Comfort food,89,129
899,Tacos,Comfort food,17,386
900,Sushi,Classic dish,10,317
901,Sushi,Quick and easy,49,289
902,Soup,Quick and easy,45,434
903,Salad,Comfort food,84,188
904,Vegetable Stir Fry,Spicy and flavorful,30,308
905,Vegetable Stir Fry,Classic dish,34,254
906,Pancakes,Classic dish,28,462
907,Burger,Comfort food,19,221
908,Salad,Quick and easy,71,451
909,Spaghetti,Comfort food,88,140
910,Salad,Comfort food,65,136
911,Vegetable Stir Fry,Classic dish,16,206
912,Soup,Healthy choice,23,271
913,Vegetable Stir Fry,Spicy and flavorful,58,289
914,Pancakes,Quick and easy,82,406
915,Burger,Healthy choice,30,273
916,Salad,Healthy choice,62,112
917,Soup,Spicy and flavorful,16,104
918,Burger,Quick and easy,45,243
919,Vegetable Stir Fry,Classic dish,27,234
920,Grilled Chicken,Healthy choice,78,296
921,Salad,Quick and easy,20,124
922,Soup,Spicy and flavorful,11,206
923,Pancakes,Healthy choice,69,271
924,Burger,Quick and easy,27,158
925,Spaghetti,Classic dish,62,151
926,Pancakes,Healthy choice,32,395
927,Soup,Quick and easy,43,348
928,Sushi,Classic dish,83,328
929,Grilled Chicken,Classic dish,11,103
930,Tacos,Quick and easy,38,344
931,Vegetable Stir Fry,Healthy choice,76,252
932,Soup,Comfort food,86,145
933,Pancakes,Healthy choice,72,449
934,Tacos,Comfort food,76,228
935,Soup,Quick and easy,38,328
936,Pancakes,Classic dish,39,315
937,Salad,Quick and easy,56,291
938,Pizza,Spicy and flavorful,77,358
939,Sushi,Healthy choice,60,425
940,Grilled Chicken,Classic dish,73,190
941,Sushi,Quick and easy,34,123
942,Vegetable Stir Fry,Quick and easy,67,456
943,Vegetable Stir Fry,Classic dish,80,191
944,Pancakes,Healthy choice,86,379
945,Burger,Healthy choice,86,452
946,Vegetable Stir Fry,Classic dish,49,117
947,Pizza,Classic dish,86,452
948,Sushi,Classic dish,22,308
949,Spaghetti,Quick and easy,66,212
950,Pizza,Spicy and flavorful,60,132
951,Salad,Healthy choice,79,370
952,Tacos,Spicy and flavorful,51,354
953,Pancakes,Comfort food,63,316
954,Tacos,Quick and easy,40,230
955,Soup,Healthy choice,57,149
956,Vegetable Stir Fry,Classic dish,86,380
957,Soup,Quick and easy,50,478
958,Tacos,Spicy and flavorful,35,262
959,Vegetable Stir Fry,Quick and easy,38,153
960,Pancakes,Classic dish,57,299
961,Soup,Classic dish,88,446
962,Soup,Spicy and flavorful,33,224
963,Pancakes,Classic dish,32,419
964,Pizza,Healthy choice,23,237
965,Spaghetti,Spicy and flavorful,27,351
966,Tacos,Quick and easy,33,256
967,Spaghetti,Healthy choice,23,183
968,Pizza,Classic dish,67,433
969,Burger,Comfort food,31,130
970,Grilled Chicken,Comfort food,81,241
971,Tacos,Comfort food,45,500
972,Salad,Spicy and flavorful,71,265
973,Tacos,Quick and easy,34,250
974,Pancakes,Spicy and flavorful,38,491
975,Grilled Chicken,Spicy and flavorful,13,474
976,Burger,Comfort food,15,492
977,Tacos,Comfort food,41,135
978,Soup,Healthy choice,55,166
979,Pancakes,Comfort food,33,351
980,Tacos,Spicy and flavorful,30,219
981,Pizza,Healthy choice,45,274
982,Pizza,Classic dish,62,358
983,Pancakes,Comfort food,50,467
984,Soup,Classic dish,10,286
985,Spaghetti,Spicy and flavorful,86,139
986,Tacos,Classic dish,46,168
987,Tacos,Classic dish,13,315
988,Vegetable Stir Fry,Classic dish,78,135
989,Salad,Healthy choice,19,399
990,Pancakes,Comfort food,50,440
991,Grilled Chicken,Comfort food,40,175
992,Pancakes,Quick and easy,47,319
993,Vegetable Stir Fry,Quick and easy,15,213
994,Soup,Spicy and flavorful,40,112
995,Pancakes,Classic dish,89,369
996,Pizza,Quick and easy,75,293
997,Tacos,Classic dish,77,139
998,Tacos,Classic dish,13,300
999,Grilled Chicken,Healthy choice,72,500
1000,Soup,Comfort food,10,350
